user_id,problem_id,concept_id,correct,count_attempts
88888888,absolute_value,absolute-value,1,1
88888888,absolute_value_add_sub,absolute-value,1,1
88888888,absolute_value_add_sub_properties,absolute-value,1,1
88888888,absolute_value_equations,solving-linear-equations-and-inequalities,1,1
88888888,absolute_value_of_complex_numbers,complex-numbers,1,1
88888888,absolute_values_meaning,absolute-value,1,1
88888888,add_subtract_negative_fractions,absolute-value,1,1
88888888,adding_and_subtracting_centimeter_and_millimeter,decimals,1,1
88888888,adding_and_subtracting_complex_numbers,complex-numbers,1,1
88888888,adding_and_subtracting_decimals_word_problems,decimals,1,1
88888888,adding_and_subtracting_fractions,fractions,1,1
88888888,adding_and_subtracting_negative_numbers,absolute-value,1,1
88888888,adding_and_subtracting_polynomials,polynomials,1,1
88888888,adding_and_subtracting_radicals,exponents-radicals,1,1
88888888,adding_and_subtracting_within_20,addition-subtraction,1,1
88888888,adding_decimals,decimals,1,1
88888888,adding_decimals_0.5,decimals,1,1
88888888,adding_decimals_2,decimals,1,1
88888888,adding_fractions,fractions,1,1
88888888,adding_fractions_with_common_denominators,fractions,1,1
88888888,adding_negative_numbers,absolute-value,1,1
88888888,adding_subtracting_carry_2,addition-subtraction,1,1
88888888,adding_subtracting_carry_3,addition-subtraction,1,1
88888888,adding_subtracting_mixed_numbers_0.5,fractions,1,1
88888888,adding_subtracting_mixed_numbers_1,fractions,1,1
88888888,adding_subtracting_no_carry_3,addition-subtraction,1,1
88888888,adding_vectors,vectors-matrix,1,1
88888888,addition_1,addition-subtraction,1,1
88888888,addition_2,addition-subtraction,1,1
88888888,addition_3,addition-subtraction,1,1
88888888,addition_4,addition-subtraction,1,1
88888888,addition_of_vary_denominator_fraction,fractions,1,1
88888888,addition_two_numbers,multiplication-division,1,1
88888888,addition_within_20,addition-subtraction,1,1
88888888,advanced_fraction,fractions,1,1
88888888,age_problems,solving-linear-equations-and-inequalities,1,1
88888888,age_problems_new,solving-linear-equations-and-inequalities,1,1
88888888,age_word_problems,solving-linear-equations-and-inequalities,1,1
88888888,alternate_exterior_angles,parallel-and-perpendicular-lines,1,1
88888888,alternate_exterior_angles_2,parallel-and-perpendicular-lines,1,1
88888888,alternate_interior_angles,parallel-and-perpendicular-lines,1,1
88888888,alternate_interior_angles_2,parallel-and-perpendicular-lines,1,1
88888888,altitude_and_hypotenuse,triangle-properties,1,1
88888888,angle_addition_postulate,segments-and-angles,1,1
88888888,angle_bisector_theorem,triangle-properties,1,1
88888888,angle_of_osculation,circle-properties,1,1
88888888,angle_rotation,basic-geometry,1,1
88888888,angle_types,segments-and-angles,1,1
88888888,angles_1,triangle-properties,1,1
88888888,angles_2,triangle-properties,1,1
88888888,angles_of_a_polygon,quadrilaterals-and-polygons,1,1
88888888,application_add_large_nums,addition-subtraction,1,1
88888888,application_division_large_nums,addition-subtraction,1,1
88888888,application_of_linear_equations_1,solving-linear-equations-and-inequalities,1,1
88888888,application_of_linear_equations_2,solving-linear-equations-and-inequalities,1,1
88888888,application_of_scientific_notation,exponents-radicals,1,1
88888888,application_of_scientific_notation_2,exponents-radicals,1,1
88888888,applications_of_index,exponents-radicals,1,1
88888888,approximate_number,decimals,1,1
88888888,arc_length_and_circular_sector_area,circle-properties,1,1
88888888,area_1,basic-geometry,1,1
88888888,area_of_a_circle,basic-geometry,1,1
88888888,area_of_a_circle2,basic-geometry,1,1
88888888,area_of_fans,circle-properties,1,1
88888888,area_of_parallelograms,area-perimeter-and-volume,1,1
88888888,area_of_squares_and_rectangles,basic-geometry,1,1
88888888,area_of_triangles_1,basic-geometry,1,1
88888888,area_of_triangular_shapes,basic-geometry,1,1
88888888,area_relationship_larger_narrow_graph,similar-triangle,1,1
88888888,area_relationship_larger_narrow_num,similar-triangle,1,1
88888888,area_unit_cm_square,area-perimeter-and-volume,1,1
88888888,areas_of_circles_and_sectors,area-perimeter-and-volume,1,1
88888888,areas_of_kites,area-perimeter-and-volume,1,1
88888888,areas_of_rhombi,area-perimeter-and-volume,1,1
88888888,areas_of_trapezoids,area-perimeter-and-volume,1,1
88888888,areas_of_trapezoids_rhombi_and_kites,area-perimeter-and-volume,1,1
88888888,arithmetic_means,sequence_and_series,1,1
88888888,arithmetic_reasoning,order-of-operations,1,1
88888888,arithmetic_sequences_3,sequence_and_series,1,1
88888888,arithmetic_series,sequence_and_series,1,1
88888888,arithmetic_series_1,sequence_and_series,1,1
88888888,arithmetic_word_problems,multiplication-division,1,1
88888888,arithmetic_word_problems_1,addition-subtraction,1,1
88888888,arithmetic_word_problems_2,multiplication-division,1,1
88888888,average_word_problems,statistics,1,1
88888888,axis_of_symmetry,transformations,1,1
88888888,baseline_compareline,rates-and-ratios,1,1
88888888,baseline_compareline_application,rates-and-ratios,1,1
88888888,basic_compared_with_the_reference_quantity,rates-and-ratios,1,1
88888888,basic_concept_of_circumcenter,triangle-properties,1,1
88888888,basic_concept_of_congruent_triangles,congruent-triangles,1,1
88888888,basic_concept_of_similar_shapes,similar-triangle,1,1
88888888,basic_concepts_of_probability_1,probability,1,1
88888888,basic_concepts_of_probability_2,probability,1,1
88888888,basic_graph_and_composite_graph_area,area-perimeter-and-volume,1,1
88888888,calculating_averages_advanced,statistics,1,1
88888888,calculation_of_proportions,rates-and-ratios,1,1
88888888,calculations_using_similar_shapes,similar-triangle,1,1
88888888,chain_rule_1,calculus,1,1
88888888,chickens_and_rabbits_questions,order-of-operations,1,1
88888888,circles_and_arcs,area-perimeter-and-volume,1,1
88888888,circumferential_angle,circle-properties,1,1
88888888,combinations_of_polynomials,polynomials,1,1
88888888,combining_like_terms_1,solving-linear-equations-and-inequalities,1,1
88888888,combining_like_terms_2,solving-linear-equations-and-inequalities,1,1
88888888,combining_like_terms_with_two_variables,solving-linear-equations-and-inequalities,1,1
88888888,common_factor,polynomials,1,1
88888888,common_factor_advance,polynomials,1,1
88888888,common_form_for_life,statistics,1,1
88888888,comparing_absolute_values,absolute-value,1,1
88888888,comparing_fractions_1,fractions,1,1
88888888,comparing_fractions_2,fractions,1,1
88888888,comparing_improper_fractions_and_mixed_numbers,fractions,1,1
88888888,comparing_with_multiplication,multiplication-division,1,1
88888888,comparison_between_numbers_within_ten,addition-subtraction,1,1
88888888,comparison_between_numbers_within_ten_0.5,addition-subtraction,1,1
88888888,complementary_and_supplementary_angles,segments-and-angles,1,1
88888888,complementary_angles,segments-and-angles,1,1
88888888,completing_the_square_1,quadtratics,1,1
88888888,completing_the_square_1_new,quadtratics,1,1
88888888,completing_the_square_2,quadtratics,1,1
88888888,complex_fraction,fractions,1,1
88888888,composite_numbers,factors-multiples,1,1
88888888,compound_inequalities,solving-linear-equations-and-inequalities,1,1
88888888,computing_law_with_power,exponents-radicals,1,1
88888888,concepts_related_to_diamond,quadrilaterals-and-polygons,1,1
88888888,concepts_related_to_kite,quadrilaterals-and-polygons,1,1
88888888,concepts_related_to_parallelogram,quadrilaterals-and-polygons,1,1
88888888,conditional_statements_2,logical-reasoning,1,1
88888888,conditional_statements_and_truth_value,logical-reasoning,1,1
88888888,cone_surface_arc,area-perimeter-and-volume,1,1
88888888,congruency_postulates,congruent-triangles,1,1
88888888,congruent_angles,parallel-and-perpendicular-lines,1,1
88888888,congruent_segments,segments-and-angles,1,1
88888888,congruent_triangles_1,congruent-triangles,1,1
88888888,congruent_triangles_2,congruent-triangles,1,1
88888888,constant_function_and_a_fuction,algebra-functions,1,1
88888888,converse_inverse_and_contrapositive,logical-reasoning,1,1
88888888,converting_between_point_slope_and_slope_intercept,linear-equations-and-inequalitie,1,1
88888888,converting_between_slope_intercept_and_standard_form,linear-equations-and-inequalitie,1,1
88888888,converting_decimals_to_fractions_1,fractions,1,1
88888888,converting_decimals_to_fractions_2,fractions,1,1
88888888,converting_decimals_to_percents,ratio-percentage,1,1
88888888,converting_fractions_to_decimals,fractions,1,1
88888888,converting_mixed_numbers_and_improper_fractions,fractions,1,1
88888888,converting_percents_to_decimals,ratio-percentage,1,1
88888888,converting_repeating_decimals_to_fractions_1,solving-linear-equations-and-inequalities,1,1
88888888,converting_repeating_decimals_to_fractions_2,solving-linear-equations-and-inequalities,1,1
88888888,coordination_bctest_cap,biology,1,1
88888888,corresponding_angles,parallel-and-perpendicular-lines,1,1
88888888,corresponding_angles_2,parallel-and-perpendicular-lines,1,1
88888888,count_number_to_100,addition-subtraction,1,1
88888888,count_number_to_20,addition-subtraction,1,1
88888888,count_number_to_20_2,addition-subtraction,1,1
88888888,count_number_to_50,addition-subtraction,1,1
88888888,count_numbers,addition-subtraction,1,1
88888888,count_one_by_one_1,addition-subtraction,1,1
88888888,counting_1,probability,1,1
88888888,counting_2,probability,1,1
88888888,creating_bar_charts_1,statistics,1,1
88888888,creating_box_and_whisker_plots,statistics,1,1
88888888,cross_multiplication_advanced,systems-of-eq-and-ineq,1,1
88888888,cube_roots,exponents-radicals,1,1
88888888,date_and_weekday,telling-time,1,1
88888888,decimal_multiplier_calculation,decimals,1,1
88888888,decimal_two_steps,decimals,1,1
88888888,decimals_distributive_law_of_multiplication,decimals,1,1
88888888,decimals_on_the_number_line_1,decimals,1,1
88888888,decimals_on_the_number_line_2,decimals,1,1
88888888,define_one_function,algebra-functions,1,1
88888888,definition_opposite_number,absolute-value,1,1
88888888,degrees_to_radians,trigonometry,1,1
88888888,denominator_comparison,fractions,1,1
88888888,dependent_probability,probability,1,1
88888888,derivative_intuition,calculus,1,1
88888888,derivatives_1,calculus,1,1
88888888,direct_and_inverse_variation,algebra-functions,1,1
88888888,discount_tax_and_tip_word_problems,ratio-percentage,1,1
88888888,distance_between_point_and_line,systems-of-eq-and-ineq,1,1
88888888,distance_formula,pythagorean-theorem,1,1
88888888,distributive_property,order-of-operations,1,1
88888888,dividing_complex_numbers,complex-numbers,1,1
88888888,dividing_decimals,decimals,1,1
88888888,dividing_decimals_0.5,decimals,1,1
88888888,dividing_decimals_1,decimals,1,1
88888888,dividing_decimals_2,decimals,1,1
88888888,dividing_decimals_int_to_int_0.7,decimals,1,1
88888888,dividing_fractions,fractions,1,1
88888888,dividing_fractions_0.5,fractions,1,1
88888888,dividing_fractions_word_problems,fractions,1,1
88888888,dividing_polynomials,polynomials,1,1
88888888,dividing_polynomials_1,polynomials,1,1
88888888,dividing_polynomials_2,polynomials,1,1
88888888,dividing_polynomials_3,polynomials,1,1
88888888,dividing_polynomials_4,polynomials,1,1
88888888,dividing_polynomials_5,polynomials,1,1
88888888,dividing_polynomials_6,polynomials,1,1
88888888,divisibility,factors-multiples,1,1
88888888,divisibility_0.5,factors-multiples,1,1
88888888,divisibility_intuition,factors-multiples,1,1
88888888,divisibility_tests,factors-multiples,1,1
88888888,division_0.5,multiplication-division,1,1
88888888,division_0.9,multiplication-division,1,1
88888888,division_1,multiplication-division,1,1
88888888,division_1.4,multiplication-division,1,1
88888888,division_1.5,multiplication-division,1,1
88888888,division_2,multiplication-division,1,1
88888888,division_2.9,multiplication-division,1,1
88888888,division_3,multiplication-division,1,1
88888888,division_4,multiplication-division,1,1
88888888,division_word_problems_1,multiplication-division,1,1
88888888,division_word_problems_2,multiplication-division,1,1
88888888,domain_and_range_0.5,algebra-functions,1,1
88888888,domain_of_a_function,algebra-functions,1,1
88888888,draw_a_pie_chart,statistics,1,1
88888888,empirical_rule,statistics,1,1
88888888,equation_of_a_circle_1,conic-sections,1,1
88888888,equation_of_a_circle_2,conic-sections,1,1
88888888,equation_of_a_hyperbola,conic-sections,1,1
88888888,equation_of_a_line,linear-equations-and-inequalitie,1,1
88888888,equation_of_an_ellipse,conic-sections,1,1
88888888,equivalent_fractions,fractions,1,1
88888888,equivalent_fractions_2,fractions,1,1
88888888,equivalent_fractions_conversion,fractions,1,1
88888888,estimation_three-digit_add_sub,addition-subtraction,1,1
88888888,estimation_with_decimals,decimals,1,1
88888888,eval_expressions_w_two_var,solving-linear-equations-and-inequalities,1,1
88888888,evaluating_expressions_1,solving-linear-equations-and-inequalities,1,1
88888888,evaluating_expressions_2,solving-linear-equations-and-inequalities,1,1
88888888,even_and_odd_functions,algebra-functions,1,1
88888888,exploring_angle_pairs_1,segments-and-angles,1,1
88888888,exploring_mean_and_median,statistics,1,1
88888888,exploring_standard_deviation_1,statistics,1,1
88888888,exponent_rules,exponents-radicals,1,1
88888888,exponents_1,exponents-radicals,1,1
88888888,exponents_2,exponents-radicals,1,1
88888888,exponents_3,exponents-radicals,1,1
88888888,exponents_4,exponents-radicals,1,1
88888888,expressing_ratios_as_fractions,rates-and-ratios,1,1
88888888,expressions_with_unknown_variables,quadtratics,1,1
88888888,expressions_with_unknown_variables_2,quadtratics,1,1
88888888,factor_word_problems,factors-multiples,1,1
88888888,factoring_difference_of_squares_1,polynomials,1,1
88888888,factoring_difference_of_squares_2,polynomials,1,1
88888888,factoring_difference_of_squares_3,polynomials,1,1
88888888,factoring_polynomials_1,polynomials,1,1
88888888,factoring_polynomials_2,polynomials,1,1
88888888,factoring_polynomials_by_grouping_1,polynomials,1,1
88888888,factoring_polynomials_with_two_variables,polynomials,1,1
88888888,factorization_by_add_sub_square,polynomials,1,1
88888888,factorization_quadratic_polynomial,quadtratics,1,1
88888888,finding_axis_of_symmetry,transformations,1,1
88888888,four_operations_and_decimal_fraction,order-of-operations,1,1
88888888,fraction_integer,fractions,1,1
88888888,fraction_of_one_step_to_unknow_formula,fractions,1,1
88888888,fraction_word_problems_1,fractions,1,1
88888888,fractional_division_life_problem,fractions,1,1
88888888,fractions_cut_and_copy_1,fractions,1,1
88888888,fractions_cut_and_copy_2,fractions,1,1
88888888,fractions_on_the_number_line_1,fractions,1,1
88888888,fractions_on_the_number_line_2,fractions,1,1
88888888,fractions_on_the_number_line_3,fractions,1,1
88888888,fractions_word_problem,fractions,1,1
88888888,functions_1,algebra-functions,1,1
88888888,functions_2,algebra-functions,1,1
88888888,functions_3,algebra-functions,1,1
88888888,gcd_and_lcm_word_problems,factors-multiples,1,1
88888888,gcd_of_life,factors-multiples,1,1
88888888,geometric_construction,basic-geometry,1,1
88888888,geometry_1,basic-geometry,1,1
88888888,geometry_about_circle_concept,circle-properties,1,1
88888888,geometry_categorial_proposition,quadrilaterals-and-polygons,1,1
88888888,geometry_identification_concept,congruent-triangles,1,1
88888888,geometry_proofs_1,congruent-triangles,1,1
88888888,geometry_proofs_2,congruent-triangles,1,1
88888888,geometry_proofs_intro,congruent-triangles,1,1
88888888,get_gcd_and_lcm,factors-multiples,1,1
88888888,graphing_inequalities,linear-equations-and-inequalitie,1,1
88888888,graphing_inequalities_2,linear-equations-and-inequalitie,1,1
88888888,graphing_linear_equations,linear-equations-and-inequalitie,1,1
88888888,graphing_parabolas_0.5,quadtratics,1,1
88888888,graphing_parabolas_1,quadtratics,1,1
88888888,graphing_parabolas_2,quadtratics,1,1
88888888,graphing_points,linear-equations-and-inequalitie,1,1
88888888,graphing_points_2,linear-equations-and-inequalitie,1,1
88888888,graphing_points_fraction_1,solving-linear-equations-and-inequalities,1,1
88888888,graphing_points_fraction_2,linear-equations-and-inequalitie,1,1
88888888,graphing_scaling,similar-triangle,1,1
88888888,graphing_systems_of_equations,systems-of-eq-and-ineq,1,1
88888888,graphing_systems_of_inequalities,systems-of-eq-and-ineq,1,1
88888888,graphing_systems_of_inequalities_2,systems-of-eq-and-ineq,1,1
88888888,graphs_of_linear_equations,linear-equations-and-inequalitie,1,1
88888888,graphs_of_sine_and_cosine,trigonometry,1,1
88888888,greatest_common_divisor,factors-multiples,1,1
88888888,halves_and_fourths,fractions,1,1
88888888,herons_formula,area-perimeter-and-volume,1,1
88888888,hundred_million_adding_and_subtracting,decimals,1,1
88888888,identifying_points_1,linear-equations-and-inequalitie,1,1
88888888,identifying_points_2,linear-equations-and-inequalitie,1,1
88888888,imaginary_unit_powers,complex-numbers,1,1
88888888,independent_probability,probability,1,1
88888888,inequalities_and_expressions,solving-linear-equations-and-inequalities,1,1
88888888,inequalities_on_a_number_line,solving-linear-equations-and-inequalities,1,1
88888888,inequality_properties,solving-linear-equations-and-inequalities,1,1
88888888,inequality_symbol_word_problems,solving-linear-equations-and-inequalities,1,1
88888888,inscribed_angles_1,circle-properties,1,1
88888888,inscribed_angles_2,circle-properties,1,1
88888888,inscribed_angles_3,circle-properties,1,1
88888888,integer_arithmetic,order-of-operations,1,1
88888888,integers_multiply_decimals,decimals,1,1
88888888,integers_multiply_decimals2,decimals,1,1
88888888,interpreting_linear_equations,linear-equations-and-inequalitie,1,1
88888888,inverse_proportional_calculation,rates-and-ratios,1,1
88888888,inverse_trig_functions,trigonometry,1,1
88888888,inverses_of_functions,algebra-functions,1,1
88888888,judging_axis_of_symmetry,transformations,1,1
88888888,kg_g_arithmatic,unit-conversion,1,1
88888888,kg_g_time_div,unit-conversion,1,1
88888888,kg_g_unit_transform,unit-conversion,1,1
88888888,kg_g_unit_transform2,decimals,1,1
88888888,km_m_unit_transform,unit-conversion,1,1
88888888,l_ml_arithmatic,unit-conversion,1,1
88888888,l_ml_time_div,unit-conversion,1,1
88888888,l_ml_transform,unit-conversion,1,1
88888888,l_ml_word_problem,unit-conversion,1,1
88888888,large_angle_long_edge,triangle-properties,1,1
88888888,lcm_word_problems,factors-multiples,1,1
88888888,least_common_multiple,factors-multiples,1,1
88888888,least_common_multiple_and_greatest_common_divisor_word_problems,factors-multiples,1,1
88888888,lhopitals_rule,calculus,1,1
88888888,life_1,biology,1,1
88888888,limits_1,calculus,1,1
88888888,limits_2,calculus,1,1
88888888,line_graph_intuition,linear-equations-and-inequalitie,1,1
88888888,line_relationships,linear-equations-and-inequalitie,1,1
88888888,linear_equations_1,solving-linear-equations-and-inequalities,1,1
88888888,linear_equations_2,solving-linear-equations-and-inequalities,1,1
88888888,linear_equations_3,solving-linear-equations-and-inequalities,1,1
88888888,linear_equations_4,solving-linear-equations-and-inequalities,1,1
88888888,linear_equations_word_problems_2,solving-linear-equations-and-inequalities,1,1
88888888,linear_inequalities,solving-linear-equations-and-inequalities,1,1
88888888,lines_plane_vertical_parallel,basic-geometry,1,1
88888888,logarithms_1,exponents-radicals,1,1
88888888,logarithms_2,exponents-radicals,1,1
88888888,logical_arguments_deductive_reasoning,logical-reasoning,1,1
88888888,make_a_line_by_ruler_and_compasses,segments-and-angles,1,1
88888888,marking_inequalities_range_on_a_number_line,linear-equations-and-inequalitie,1,1
88888888,markup_and_commission_word_problems,ratio-percentage,1,1
88888888,matrix_add_sub_2,vectors-matrix,1,1
88888888,matrix_add_sub_3,vectors-matrix,1,1
88888888,matrix_add_zero_negative,vectors-matrix,1,1
88888888,matrix_app_fruit_oil,vectors-matrix,1,1
88888888,matrix_basic_distance,vectors-matrix,1,1
88888888,matrix_basic_percentage,vectors-matrix,1,1
88888888,matrix_basic_product,vectors-matrix,1,1
88888888,matrix_gaussian_elimination,vectors-matrix,1,1
88888888,matrix_mul_scalar,vectors-matrix,1,1
88888888,matrix_mul_two_2,vectors-matrix,1,1
88888888,matrix_mul_zero_one,vectors-matrix,1,1
88888888,matrix_row_echelon,vectors-matrix,1,1
88888888,matrix_row_operation,vectors-matrix,1,1
88888888,matrix_submatrix,vectors-matrix,1,1
88888888,matrix_transpose,vectors-matrix,1,1
88888888,matrix_triangular_and_symmetric,vectors-matrix,1,1
88888888,mean_median_and_mode,statistics,1,1
88888888,meaning_congruent_planar_graph,congruent-triangles,1,1
88888888,measuring_and_comparing_angles,segments-and-angles,1,1
88888888,measuring_angles,segments-and-angles,1,1
88888888,measuring_segments,segments-and-angles,1,1
88888888,meters_and_centimeters,decimals,1,1
88888888,metric_area_unit_comparison,unit-conversion,1,1
88888888,metric_area_unit_conversion,unit-conversion,1,1
88888888,metric_weight_unit_conversion,unit-conversion,1,1
88888888,metric_weight_unit_selection,unit-conversion,1,1
88888888,metric_weight_unit_word_problem,unit-conversion,1,1
88888888,midpoint_coordinates,segments-and-angles,1,1
88888888,midpoint_formula,pythagorean-theorem,1,1
88888888,midpoint_of_a_segment,segments-and-angles,1,1
88888888,millimeter_and_centimeter,decimals,1,1
88888888,morning_afternoon_night,telling-time,1,1
88888888,moving_points,linear-equations-and-inequalitie,1,1
88888888,multiple_brackets,solving-linear-equations-and-inequalities,1,1
88888888,multiple_proportions_reasoning,rates-and-ratios,1,1
88888888,multiple_unit_transate,decimals,1,1
88888888,multiplication_0.5,multiplication-division,1,1
88888888,multiplication_1,multiplication-division,1,1
88888888,multiplication_1.5,multiplication-division,1,1
88888888,multiplication_2,multiplication-division,1,1
88888888,multiplication_3,multiplication-division,1,1
88888888,multiplication_4,multiplication-division,1,1
88888888,multiplication_and_division_order,multiplication-division,1,1
88888888,multiplication_and_division_word_problems,multiplication-division,1,1
88888888,multiplication_association_word_problems,order-of-operations,1,1
88888888,multiplication_formula_1,polynomials,1,1
88888888,multiplication_formula_add,polynomials,1,1
88888888,multiplication_formula_minus,polynomials,1,1
88888888,multiplication_formula_sub,polynomials,1,1
88888888,multiplication_word_problems,multiplication-division,1,1
88888888,multiplicative_problems,fractions,1,1
88888888,multiply_by_tens,multiplication-division,1,1
88888888,multiplying_and_dividing,multiplication-division,1,1
88888888,multiplying_and_dividing_negative_numbers,absolute-value,1,1
88888888,multiplying_and_dividing_scientific_notation,exponents-radicals,1,1
88888888,multiplying_complex_numbers,complex-numbers,1,1
88888888,multiplying_decimal_integer,decimals,1,1
88888888,multiplying_decimals,decimals,1,1
88888888,multiplying_expressions_0.5,polynomials,1,1
88888888,multiplying_expressions_1,polynomials,1,1
88888888,multiplying_fractions,fractions,1,1
88888888,multiplying_fractions_0.5,fractions,1,1
88888888,multiplying_fractions_word_problems,fractions,1,1
88888888,multiplying_mixed_numbers_1,fractions,1,1
88888888,multiplying_polynomials,polynomials,1,1
88888888,multiplying_radicals,exponents-radicals,1,1
88888888,narrative_and_opposite_narrative,logical-reasoning,1,1
88888888,nature_of_isosceles_triangle,triangle-properties,1,1
88888888,negative_number_word_problems,absolute-value,1,1
88888888,negative_numbers_multiply_divide,absolute-value,1,1
88888888,new_definitions_1,algebra-functions,1,1
88888888,new_definitions_2,algebra-functions,1,1
88888888,notation_calculation_type,order-of-operations,1,1
88888888,number_line,addition-subtraction,1,1
88888888,number_line_0.5,absolute-value,1,1
88888888,number_line_0.7,absolute-value,1,1
88888888,number_line_2,absolute-value,1,1
88888888,number_line_3,absolute-value,1,1
88888888,number_line_4,absolute-value,1,1
88888888,number_properties_terminology_1,order-of-operations,1,1
88888888,number_sequence_within_ten,addition-subtraction,1,1
88888888,number_within_fifty,addition-subtraction,1,1
88888888,one_more_one_less,addition-subtraction,1,1
88888888,one_step_equation_problems,solving-linear-equations-and-inequalities,1,1
88888888,one_step_equations,solving-linear-equations-and-inequalities,1,1
88888888,one_step_equations_0.5,solving-linear-equations-and-inequalities,1,1
88888888,one_step_inequalities,solving-linear-equations-and-inequalities,1,1
88888888,operations_with_negative_numbers,absolute-value,1,1
88888888,order_of_operations,order-of-operations,1,1
88888888,ordering_fractions,fractions,1,1
88888888,ordering_improper_fractions_and_mixed_numbers,fractions,1,1
88888888,ordering_negative_numbers,absolute-value,1,1
88888888,ordering_numbers,fractions,1,1
88888888,parabola_intuition_1,conic-sections,1,1
88888888,parabola_intuition_2,conic-sections,1,1
88888888,parabola_intuition_3,conic-sections,1,1
88888888,parallel_and_perpendicular,basic-geometry,1,1
88888888,parallel_lines_1,parallel-and-perpendicular-lines,1,1
88888888,parallel_lines_2,parallel-and-perpendicular-lines,1,1
88888888,parallel_lines_proportion,parallel-and-perpendicular-lines,1,1
88888888,parallelogram_concept_and_application,quadrilaterals-and-polygons,1,1
88888888,parts_of_circles,basic-geometry,1,1
88888888,percentage_concept,statistics,1,1
88888888,percentage_word_problems_1,ratio-percentage,1,1
88888888,percentage_word_problems_2,ratio-percentage,1,1
88888888,perimeter_1,basic-geometry,1,1
88888888,perimeter_deduction,basic-geometry,1,1
88888888,perimeter_of_combined_shapes,basic-geometry,1,1
88888888,perimeter_of_sector,circle-properties,1,1
88888888,perimeter_of_squares_and_rectangles,basic-geometry,1,1
88888888,permutations_1,probability,1,1
88888888,place_value,decimals,1,1
88888888,place_value_big_number,decimals,1,1
88888888,place_value_concept,decimals,1,1
88888888,planar_graph_resizing,congruent-triangles,1,1
88888888,planting_problems,probability,1,1
88888888,plotting_the_line_of_best_fit,statistics,1,1
88888888,plugging_in_values,linear-equations-and-inequalitie,1,1
88888888,point_slope_form,linear-equations-and-inequalitie,1,1
88888888,points_lines_and_planes,segments-and-angles,1,1
88888888,polygon_geometry_characteristic,congruent-triangles,1,1
88888888,polygon_similarity,similar-triangle,1,1
88888888,polynomial_concept_and_proper_noun,polynomials,1,1
88888888,position_relation_between_circle_point,circle-properties,1,1
88888888,power_rule,calculus,1,1
88888888,prime_factorization,factors-multiples,1,1
88888888,prime_numbers,factors-multiples,1,1
88888888,probability_1,probability,1,1
88888888,product_rule,calculus,1,1
88888888,properties_of_incenters,quadrilaterals-and-polygons,1,1
88888888,properties_of_numbers_1,order-of-operations,1,1
88888888,properties_of_numbers_2,order-of-operations,1,1
88888888,proportional_calculation,rates-and-ratios,1,1
88888888,proportional_life_problems,rates-and-ratios,1,1
88888888,proportional_or_inverse_proportional,rates-and-ratios,1,1
88888888,proportions_1,rates-and-ratios,1,1
88888888,proportions_2,rates-and-ratios,1,1
88888888,proportions_inner_outer_product,rates-and-ratios,1,1
88888888,pyramidal_prism,area-perimeter-and-volume,1,1
88888888,pythagorean_theorem_1,pythagorean-theorem,1,1
88888888,quadratic_equation,quadtratics,1,1
88888888,quadratic_function_concept,algebra-functions,1,1
88888888,quadratic_function_graphing,algebra-functions,1,1
88888888,quadratic_function_maximum_and_minimum,algebra-functions,1,1
88888888,quadratic_function_word_problem,algebra-functions,1,1
88888888,quadratic_polynomial_word_problem,quadtratics,1,1
88888888,quadratics_word_problems,quadtratics,1,1
88888888,quadrilateral_angles,quadrilaterals-and-polygons,1,1
88888888,quadrilateral_types,quadrilaterals-and-polygons,1,1
88888888,quotient_rule,calculus,1,1
88888888,radians_and_degrees,trigonometry,1,1
88888888,radians_to_degrees,trigonometry,1,1
88888888,radical_equations,exponents-radicals,1,1
88888888,radical_multiplication_and_division,exponents-radicals,1,1
88888888,radius_and_diameter,basic-geometry,1,1
88888888,radius_angle,circle-properties,1,1
88888888,radius_diameter_and_circumference,basic-geometry,1,1
88888888,radius_diameter_and_circumference_1,basic-geometry,1,1
88888888,radius_diameter_and_circumference_314_1,basic-geometry,1,1
88888888,range_of_a_function,algebra-functions,1,1
88888888,range_of_triangle_sides_2,triangle-properties,1,1
88888888,range_quarter_case_chart,statistics,1,1
88888888,rate_problems_0.5,rates-and-ratios,1,1
88888888,rate_problems_1,rates-and-ratios,1,1
88888888,rate_problems_2,rates-and-ratios,1,1
88888888,rate_unit_transform,rates-and-ratios,1,1
88888888,rates_and_ratios,rates-and-ratios,1,1
88888888,ratio,rates-and-ratios,1,1
88888888,ratio_and_the_ratio_of,rates-and-ratios,1,1
88888888,ratio_discount,rates-and-ratios,1,1
88888888,ratio_money,rates-and-ratios,1,1
88888888,ratio_word_problems,rates-and-ratios,1,1
88888888,re_graphics,basic-geometry,1,1
88888888,reading_bar_charts_1,statistics,1,1
88888888,reading_bar_charts_2,statistics,1,1
88888888,reading_bar_charts_3,statistics,1,1
88888888,reading_fractions_in_chinese,fractions,1,1
88888888,reading_line_charts_1,statistics,1,1
88888888,reading_pictographs_1,statistics,1,1
88888888,reading_pictographs_2,statistics,1,1
88888888,reading_stem_and_leaf_plots,statistics,1,1
88888888,reading_tables_1,statistics,1,1
88888888,reading_tables_2,statistics,1,1
88888888,realizing_inequalities,solving-linear-equations-and-inequalities,1,1
88888888,recognize_decimal_percentile_position,decimals,1,1
88888888,recognize_graph_zoom_effect,similar-triangle,1,1
88888888,recognize_num_less_than_10000,addition-subtraction,1,1
88888888,recognizing_conic_sections,conic-sections,1,1
88888888,recognizing_factoring,polynomials,1,1
88888888,recognizing_fractions,fractions,1,1
88888888,recognizing_fractions_0.5,fractions,1,1
88888888,recognizing_rays_lines_and_line_segments,segments-and-angles,1,1
88888888,recognizing_shapes,basic-geometry,1,1
88888888,recording_life_problem_by_expressions,solving-linear-equations-and-inequalities,1,1
88888888,regrouping_decimals,decimals,1,1
88888888,regular_number_of_columns,sequence_and_series,1,1
88888888,relationships_linear_equations,linear-equations-and-inequalitie,1,1
88888888,represent_by_symbol_addend,solving-linear-equations-and-inequalities,1,1
88888888,represent_by_symbol_dividend,solving-linear-equations-and-inequalities,1,1
88888888,represent_by_symbol_multiplier,solving-linear-equations-and-inequalities,1,1
88888888,represent_by_symbol_subtrahend,solving-linear-equations-and-inequalities,1,1
88888888,representing_numbers,addition-subtraction,1,1
88888888,rounding_numbers,decimals,1,1
88888888,rounding_whole_numbers,decimals,1,1
88888888,same_side_exterior_angles,parallel-and-perpendicular-lines,1,1
88888888,same_side_exterior_angles_2,parallel-and-perpendicular-lines,1,1
88888888,same_side_interior_angles,parallel-and-perpendicular-lines,1,1
88888888,same_side_interior_angles_2,parallel-and-perpendicular-lines,1,1
88888888,scale,rates-and-ratios,1,1
88888888,scaling_vectors,vectors-matrix,1,1
88888888,scientific_notation,exponents-radicals,1,1
88888888,scientific_notation_decimals,exponents-radicals,1,1
88888888,scientific_notation_intuition,exponents-radicals,1,1
88888888,sectors_as_fraction_of_circles_1,circle-properties,1,1
88888888,sectors_as_fraction_of_circles_2,circle-properties,1,1
88888888,segment_addition,segments-and-angles,1,1
88888888,separation_and_union,addition-subtraction,1,1
88888888,sequences_word_problems,sequence_and_series,1,1
88888888,shaded_areas,area-perimeter-and-volume,1,1
88888888,shifting_and_reflecting_functions,algebra-functions,1,1
88888888,sides_and_angles_of_simple_shapes,basic-geometry,1,1
88888888,significant_figures_1,exponents-radicals,1,1
88888888,similar_triangles_1,similar-triangle,1,1
88888888,similar_triangles_2,similar-triangle,1,1
88888888,similar_triangles_review,similar-triangle,1,1
88888888,simple_hologram_concept,area-perimeter-and-volume,1,1
88888888,simple_hologram_surface_area,area-perimeter-and-volume,1,1
88888888,simplificate_ractional_formula,solving-linear-equations-and-inequalities,1,1
88888888,simplify_expressions_w_two_var_1,solving-linear-equations-and-inequalities,1,1
88888888,simplify_expressions_w_two_var_2,solving-linear-equations-and-inequalities,1,1
88888888,simplify_expressions_w_two_var_3,solving-linear-equations-and-inequalities,1,1
88888888,simplify_the_root_type,exponents-radicals,1,1
88888888,simplifying_expressions_with_exponents,exponents-radicals,1,1
88888888,simplifying_fractions,fractions,1,1
88888888,simplifying_radicals,exponents-radicals,1,1
88888888,skip_counting_by_10s,addition-subtraction,1,1
88888888,slope_intercept_form,linear-equations-and-inequalitie,1,1
88888888,slope_of_a_line,linear-equations-and-inequalitie,1,1
88888888,solid_geometry,area-perimeter-and-volume,1,1
88888888,solutions_to_systems_of_equations,systems-of-eq-and-ineq,1,1
88888888,solving_for_a_variable,solving-linear-equations-and-inequalities,1,1
88888888,solving_for_the_x-intercept,linear-equations-and-inequalitie,1,1
88888888,solving_for_the_y-intercept,linear-equations-and-inequalitie,1,1
88888888,solving_linear_equations,solving-linear-equations-and-inequalities,1,1
88888888,solving_linear_inequalities,solving-linear-equations-and-inequalities,1,1
88888888,solving_quadratics_by_factoring,quadtratics,1,1
88888888,solving_quadratics_by_factoring_2,quadtratics,1,1
88888888,solving_quadratics_by_taking_the_square_root,quadtratics,1,1
88888888,solving_similar_triangles_1,similar-triangle,1,1
88888888,solving_similar_triangles_2,similar-triangle,1,1
88888888,special_derivatives,calculus,1,1
88888888,special_right_triangles,pythagorean-theorem,1,1
88888888,special_triangle_and_quadrilateral_concept,quadrilaterals-and-polygons,1,1
88888888,speed_applying,rates-and-ratios,1,1
88888888,speed_equal_to_distance_divide_time,rates-and-ratios,1,1
88888888,square_cm_square_m_unit_transform,area-perimeter-and-volume,1,1
88888888,square_root_calculation_3,exponents-radicals,1,1
88888888,square_roots,exponents-radicals,1,1
88888888,square_roots_2,exponents-radicals,1,1
88888888,standard_deviation,statistics,1,1
88888888,statistical_table_and_chart,statistics,1,1
88888888,subtract_of_positive_negative_fraction,fractions,1,1
88888888,subtracting_decimals,decimals,1,1
88888888,subtracting_decimals_0.5,decimals,1,1
88888888,subtracting_fractions,fractions,1,1
88888888,subtracting_fractions_with_common_denominators,fractions,1,1
88888888,subtraction_1,addition-subtraction,1,1
88888888,subtraction_2,addition-subtraction,1,1
88888888,subtraction_3,addition-subtraction,1,1
88888888,subtraction_4,addition-subtraction,1,1
88888888,subtraction_and_addition,addition-subtraction,1,1
88888888,subtraction_of_vary_denominator_fraction,fractions,1,1
88888888,subtraction_within_20,addition-subtraction,1,1
88888888,supplementary_angles,segments-and-angles,1,1
88888888,surface_area_of_cylinders,area-perimeter-and-volume,1,1
88888888,surface_area_of_rectangular_boxes,area-perimeter-and-volume,1,1
88888888,symmetry_concept_and_application,transformations,1,1
88888888,systems_of_equ_elimination_1,systems-of-eq-and-ineq,1,1
88888888,systems_of_equ_substitution_1,systems-of-eq-and-ineq,1,1
88888888,systems_of_equ_substitution_2,systems-of-eq-and-ineq,1,1
88888888,systems_of_equations,systems-of-eq-and-ineq,1,1
88888888,systems_of_equations_with_elimination,systems-of-eq-and-ineq,1,1
88888888,systems_of_equations_with_elimination_0.5,systems-of-eq-and-ineq,1,1
88888888,systems_of_equations_with_elimination_2,systems-of-eq-and-ineq,1,1
88888888,systems_of_equations_with_elimination_3,systems-of-eq-and-ineq,1,1
88888888,systems_of_equations_with_substitution,systems-of-eq-and-ineq,1,1
88888888,systems_of_equations_word_problems,systems-of-eq-and-ineq,1,1
88888888,telling_time,telling-time,1,1
88888888,telling_time_0.5,telling-time,1,1
88888888,telling_time_2,telling-time,1,1
88888888,telling_time_comparing,telling-time,1,1
88888888,the_complex_plane,complex-numbers,1,1
88888888,the_four_arithmetic_exponentially,exponents-radicals,1,1
88888888,the_fundamental_theorem_of_arithmetic,factors-multiples,1,1
88888888,time_terminology,telling-time,1,1
88888888,time_units_transformation_1,telling-time,1,1
88888888,time_units_transformation_2,telling-time,1,1
88888888,time_units_transformation_3,telling-time,1,1
88888888,time_word_problem_1,telling-time,1,1
88888888,time_word_problem_2,telling-time,1,1
88888888,time_word_problem_3,telling-time,1,1
88888888,time_word_problem_4,telling-time,1,1
88888888,time_word_problem_5,telling-time,1,1
88888888,trapezoid_concept_and_application,quadrilaterals-and-polygons,1,1
88888888,triangle_angles_1,triangle-properties,1,1
88888888,triangle_angles_sum,triangle-properties,1,1
88888888,triangle_central_core_concept,triangle-properties,1,1
88888888,triangle_inequality_theorem,triangle-properties,1,1
88888888,triangle_length_of_side,triangle-properties,1,1
88888888,triangle_types,triangle-properties,1,1
88888888,triangles_congruent_nature_aas,congruent-triangles,1,1
88888888,triangles_congruent_nature_asa,congruent-triangles,1,1
88888888,triangles_congruent_nature_rhs,congruent-triangles,1,1
88888888,triangles_congruent_nature_sas,congruent-triangles,1,1
88888888,triangles_congruent_nature_sss,congruent-triangles,1,1
88888888,triangles_similar_nature,similar-triangle,1,1
88888888,trig_identities_1,trigonometry,1,1
88888888,trigonometry_0.5,trigonometry,1,1
88888888,trigonometry_1,trigonometry,1,1
88888888,trigonometry_1.5,trigonometry,1,1
88888888,trigonometry_2,trigonometry,1,1
88888888,understand_circle,basic-geometry,1,1
88888888,understand_coins,addition-subtraction,1,1
88888888,understand_equivalent_axiom,solving-linear-equations-and-inequalities,1,1
88888888,understand_large_numbers_and_conversion,decimals,1,1
88888888,understand_length_unit,decimals,1,1
88888888,understand_range_of_graphie,area-perimeter-and-volume,1,1
88888888,understanding_comparing_angle,basic-geometry,1,1
88888888,understanding_decimals_place_value,decimals,1,1
88888888,understanding_km,decimals,1,1
88888888,understanding_moving_the_decimal,decimals,1,1
88888888,understanding_square_rectangular,basic-geometry,1,1
88888888,ungroup_median,statistics,1,1
88888888,unit_circle,trigonometry,1,1
88888888,unit_conversion_rate,rates-and-ratios,1,1
88888888,units,rates-and-ratios,1,1
88888888,variables_word_problems_1,solving-linear-equations-and-inequalities,1,1
88888888,variables_word_problems_2,solving-linear-equations-and-inequalities,1,1
88888888,variance,statistics,1,1
88888888,vector_add_sub_two,vectors-matrix,1,1
88888888,vertex_of_a_parabola,quadtratics,1,1
88888888,vertical_and_parallel,basic-geometry,1,1
88888888,vertical_angles,segments-and-angles,1,1
88888888,vertical_angles_2,segments-and-angles,1,1
88888888,vertical_concepts,parallel-and-perpendicular-lines,1,1
88888888,volume_and_cc,area-perimeter-and-volume,1,1
88888888,volume_box,area-perimeter-and-volume,1,1
88888888,volume_box_cover,area-perimeter-and-volume,1,1
88888888,volume_box_nocover,area-perimeter-and-volume,1,1
88888888,volume_container,area-perimeter-and-volume,1,1
88888888,volume_container_hight,area-perimeter-and-volume,1,1
88888888,volume_of_cylinders,area-perimeter-and-volume,1,1
88888888,volume_of_rectangular_boxes,area-perimeter-and-volume,1,1
88888888,volume_of_rectangular_boxes_2,area-perimeter-and-volume,1,1
88888888,volume_of_rectangular_boxes_3,area-perimeter-and-volume,1,1
88888888,volume_of_triangular_prisms,area-perimeter-and-volume,1,1
88888888,volume_space,area-perimeter-and-volume,1,1
88888888,volume_unit_conversion,area-perimeter-and-volume,1,1
88888888,word_problem_formula_translate,order-of-operations,1,1
88888888,writing_and_interpreting_decimals,decimals,1,1
88888888,writing_expressions_1,solving-linear-equations-and-inequalities,1,1
88888888,writing_expressions_2,solving-linear-equations-and-inequalities,1,1
88888888,writing_expressions_3,solving-linear-equations-and-inequalities,1,1
88888888,writing_expressions_w_two_var,solving-linear-equations-and-inequalities,1,1
88888888,writing_fractions_1,fractions,1,1
88888888,writing_proportions,rates-and-ratios,1,1
88888888,z_scores_1,statistics,1,1
88888888,z_scores_2,statistics,1,1
88888888,z_scores_3,statistics,1,1
